Regret,NumWaitingJob,STime_A,STime_B,STime_A_VS_B,STime_A_VS_B_Diff,PTime_A,PTime_B,PTime_A_VS_B,PTime_A_VS_B_Diff,CompTime_A,CompTime_B,CompTime_A_VS_B,CompTime_A_VS_B_Diff,Start_A,Start_B,Start_A_VS_B,Start_A_VS_B_Diff,Tardy_A,Tardy_B,Tardy_A_VS_B,Tardy_A_VS_B_Diff
0,10,0,0,=,0,41,42,<,-1,41,42,<,-1,0,0,=,0,0,0,=,0
89,10,0,0,=,0,42,41,>,1,42,41,>,1,0,0,=,0,0,0,=,0
0,10,0,0,=,0,48,36,>,12,48,36,>,12,0,0,=,0,0,0,=,0
57,10,0,0,=,0,36,48,<,-12,36,48,<,-12,0,0,=,0,0,0,=,0
0,10,0,0,=,0,57,44,>,13,57,44,>,13,0,0,=,0,0,0,=,0
76,10,0,0,=,0,44,57,<,-13,44,57,<,-13,0,0,=,0,0,0,=,0
0,10,0,0,=,0,35,58,<,-23,35,58,<,-23,0,0,=,0,0,0,=,0
110,10,0,0,=,0,58,35,>,23,58,35,>,23,0,0,=,0,0,0,=,0
0,10,0,0,=,0,57,31,>,26,57,31,>,26,0,0,=,0,0,0,=,0
20,10,0,0,=,0,31,57,<,-26,31,57,<,-26,0,0,=,0,0,0,=,0
0,10,0,0,=,0,39,54,<,-15,39,54,<,-15,0,0,=,0,0,0,=,0
160,10,0,0,=,0,54,39,>,15,54,39,>,15,0,0,=,0,0,0,=,0
0,10,0,0,=,0,58,43,>,15,58,43,>,15,0,0,=,0,0,0,=,0
34,10,0,0,=,0,43,58,<,-15,43,58,<,-15,0,0,=,0,0,0,=,0
0,10,0,0,=,0,51,53,<,-2,51,53,<,-2,0,0,=,0,0,0,=,0
114,10,0,0,=,0,53,51,>,2,53,51,>,2,0,0,=,0,0,0,=,0
0,10,0,0,=,0,56,30,>,26,56,30,>,26,0,0,=,0,0,0,=,0
5,10,0,0,=,0,30,56,<,-26,30,56,<,-26,0,0,=,0,0,0,=,0
0,10,0,0,=,0,30,56,<,-26,30,56,<,-26,0,0,=,0,0,0,=,0
179,10,0,0,=,0,56,30,>,26,56,30,>,26,0,0,=,0,0,0,=,0
0,9,0,87,<,-87,51,53,<,-2,51,179,<,-128,0,39,<,-39,0,72,<,-72
280,9,87,0,>,87,53,51,>,2,179,51,>,128,39,0,>,39,72,0,>,72
0,9,13,0,>,13,58,35,>,23,110,35,>,75,39,0,>,39,22,0,>,22
35,9,0,13,<,-13,35,58,<,-23,35,110,<,-75,0,39,<,-39,0,22,<,-22
0,9,0,64,<,-64,36,48,<,-12,36,151,<,-115,0,39,<,-39,0,0,=,0
31,9,64,0,>,64,48,36,>,12,151,36,>,115,39,0,>,39,0,0,=,0
0,9,44,0,>,44,57,44,>,13,140,44,>,96,39,0,>,39,0,0,=,0
136,9,0,44,<,-44,44,57,<,-13,44,140,<,-96,0,39,<,-39,0,0,=,0
0,9,30,0,>,30,41,42,<,-1,110,42,>,68,39,0,>,39,0,0,=,0
84,9,0,30,<,-30,42,41,>,1,42,110,<,-68,0,39,<,-39,0,0,=,0
0,9,0,38,<,-38,30,56,<,-26,30,133,<,-103,0,39,<,-39,0,0,=,0
32,9,38,0,>,38,56,30,>,26,133,30,>,103,39,0,>,39,0,0,=,0
0,9,22,0,>,22,30,56,<,-26,91,56,>,35,39,0,>,39,0,0,=,0
263,9,0,22,<,-22,56,30,>,26,56,91,<,-35,0,39,<,-39,0,0,=,0
0,9,0,61,<,-61,58,43,>,15,58,143,<,-85,0,39,<,-39,0,12,<,-12
15,9,61,0,>,61,43,58,<,-15,143,58,>,85,39,0,>,39,12,0,>,12
0,9,0,23,<,-23,31,57,<,-26,31,119,<,-88,0,39,<,-39,0,0,=,0
33,9,23,0,>,23,57,31,>,26,119,31,>,88,39,0,>,39,0,0,=,0
0,8,13,75,<,-62,58,35,>,23,110,161,<,-51,39,51,<,-12,22,73,<,-51
347,8,75,13,>,62,35,58,<,-23,161,110,>,51,51,39,>,12,73,22,>,51
0,8,22,27,<,-5,30,56,<,-26,91,134,<,-43,39,51,<,-12,0,0,=,0
166,8,27,22,>,5,56,30,>,26,134,91,>,43,51,39,>,12,0,0,=,0
0,8,39,44,<,-5,44,57,<,-13,134,140,<,-6,51,39,>,12,0,0,=,0
50,8,44,39,>,5,57,44,>,13,140,134,>,6,39,51,<,-12,0,0,=,0
0,8,30,69,<,-39,41,42,<,-1,110,162,<,-52,39,51,<,-12,0,0,=,0
91,8,69,30,>,39,42,41,>,1,162,110,>,52,51,39,>,12,0,0,=,0
0,8,76,64,>,12,36,48,<,-12,163,151,>,12,51,39,>,12,0,0,=,0
31,8,64,76,<,-12,48,36,>,12,151,163,<,-12,39,51,<,-12,0,0,=,0
0,8,60,38,>,22,30,56,<,-26,141,133,>,8,51,39,>,12,0,0,=,0
57,8,38,60,<,-22,56,30,>,26,133,141,<,-8,39,51,<,-12,0,0,=,0
0,8,20,61,<,-41,58,43,>,15,129,143,<,-14,51,39,>,12,0,12,<,-12
234,8,61,20,>,41,43,58,<,-15,143,129,>,14,39,51,<,-12,12,0,>,12
0,8,66,23,>,43,31,57,<,-26,148,119,>,29,51,39,>,12,0,0,=,0
59,8,23,66,<,-43,57,31,>,26,119,148,<,-29,39,51,<,-12,0,0,=,0
0,7,20,28,<,-8,58,43,>,15,129,181,<,-52,51,110,<,-59,0,50,<,-50
128,7,28,20,>,8,43,58,<,-15,181,129,>,52,110,51,>,59,50,0,>,50
0,7,17,27,<,-10,30,56,<,-26,157,134,>,23,110,51,>,59,0,0,=,0
288,7,27,17,>,10,56,30,>,26,134,157,<,-23,51,110,<,-59,0,0,=,0
0,7,39,87,<,-48,44,57,<,-13,134,254,<,-120,51,110,<,-59,0,92,<,-92
124,7,87,39,>,48,57,44,>,13,254,134,>,120,110,51,>,59,92,0,>,92
0,7,50,69,<,-19,41,42,<,-1,201,162,>,39,110,51,>,59,0,0,=,0
90,7,69,50,>,19,42,41,>,1,162,201,<,-39,51,110,<,-59,0,0,=,0
0,7,86,76,>,10,48,36,>,12,244,163,>,81,110,51,>,59,20,0,>,20
2,7,76,86,<,-10,36,48,<,-12,163,244,<,-81,51,110,<,-59,0,20,<,-20
0,7,43,66,<,-23,57,31,>,26,210,148,>,62,110,51,>,59,0,0,=,0
15,7,66,43,>,23,31,57,<,-26,148,210,<,-62,51,110,<,-59,0,0,=,0
0,7,39,60,<,-21,56,30,>,26,205,141,>,64,110,51,>,59,0,0,=,0
37,7,60,39,>,21,30,56,<,-26,141,205,<,-64,51,110,<,-59,0,0,=,0
0,6,17,49,<,-32,30,56,<,-26,157,234,<,-77,110,129,<,-19,0,42,<,-42
302,6,49,17,>,32,56,30,>,26,234,157,>,77,129,110,>,19,42,0,>,42
0,6,42,87,<,-45,44,57,<,-13,215,254,<,-39,129,110,>,19,53,92,<,-39
132,6,87,42,>,45,57,44,>,13,254,215,>,39,110,129,<,-19,92,53,>,39
0,6,16,50,<,-34,42,41,>,1,187,201,<,-14,129,110,>,19,0,0,=,0
70,6,50,16,>,34,41,42,<,-1,201,187,>,14,110,129,<,-19,0,0,=,0
0,6,88,86,>,2,36,48,<,-12,253,244,>,9,129,110,>,19,29,20,>,9
21,6,86,88,<,-2,48,36,>,12,244,253,<,-9,110,129,<,-19,20,29,<,-9
0,6,52,39,>,13,30,56,<,-26,211,205,>,6,129,110,>,19,0,0,=,0
60,6,39,52,<,-13,56,30,>,26,205,211,<,-6,110,129,<,-19,0,0,=,0
0,6,12,43,<,-31,31,57,<,-26,172,210,<,-38,129,110,>,19,0,0,=,0
206,6,43,12,>,31,57,31,>,26,210,172,>,38,110,129,<,-19,0,0,=,0
0,5,12,49,<,-37,31,57,<,-26,172,263,<,-91,129,157,<,-28,0,45,<,-45
145,5,49,12,>,37,57,31,>,26,263,172,>,91,157,129,>,28,45,0,>,45
0,5,15,16,<,-1,41,42,<,-1,213,187,>,26,157,129,>,28,0,0,=,0
74,5,16,15,>,1,42,41,>,1,187,213,<,-26,129,157,<,-28,0,0,=,0
0,5,45,42,>,3,57,44,>,13,259,215,>,44,157,129,>,28,97,53,>,44
31,5,42,45,<,-3,44,57,<,-13,215,259,<,-44,129,157,<,-28,53,97,<,-44
0,5,10,52,<,-42,56,30,>,26,223,211,>,12,157,129,>,28,0,0,=,0
83,5,52,10,>,42,30,56,<,-26,211,223,<,-12,129,157,<,-28,0,0,=,0
0,5,20,88,<,-68,48,36,>,12,225,253,<,-28,157,129,>,28,1,29,<,-28
184,5,88,20,>,68,36,48,<,-12,253,225,>,28,129,157,<,-28,29,1,>,28
0,4,20,47,<,-27,48,36,>,12,225,255,<,-30,157,172,<,-15,1,31,<,-30
102,4,47,20,>,27,36,48,<,-12,255,225,>,30,172,157,>,15,31,1,>,30
0,4,15,19,<,-4,41,42,<,-1,213,233,<,-20,157,172,<,-15,0,0,=,0
19,4,19,15,>,4,42,41,>,1,233,213,>,20,172,157,>,15,0,0,=,0
0,4,11,10,>,1,30,56,<,-26,213,223,<,-10,172,157,>,15,0,0,=,0
62,4,10,11,<,-1,56,30,>,26,223,213,>,10,157,172,<,-15,0,0,=,0
0,4,45,81,<,-36,57,44,>,13,259,297,<,-38,157,172,<,-15,97,135,<,-38
82,4,81,45,>,36,44,57,<,-13,297,259,>,38,172,157,>,15,135,97,>,38
0,3,11,16,<,-5,30,56,<,-26,213,297,<,-84,172,225,<,-53,0,70,<,-70
88,3,16,11,>,5,56,30,>,26,297,213,>,84,225,172,>,53,70,0,>,70
0,3,19,19,=,0,41,42,<,-1,285,233,>,52,225,172,>,53,47,0,>,47
52,3,19,19,=,0,42,41,>,1,233,285,<,-52,172,225,<,-53,0,47,<,-47
0,3,43,81,<,-38,57,44,>,13,325,297,>,28,225,172,>,53,163,135,>,28
116,3,81,43,>,38,44,57,<,-13,297,325,<,-28,172,225,<,-53,135,163,<,-28
0,2,19,77,<,-58,41,42,<,-1,285,332,<,-47,225,213,>,12,47,94,<,-47
86,2,77,19,>,58,42,41,>,1,332,285,>,47,213,225,<,-12,94,47,>,47
0,2,29,43,<,-14,44,57,<,-13,286,325,<,-39,213,225,<,-12,124,163,<,-39
86,2,43,29,>,14,57,44,>,13,325,286,>,39,225,213,>,12,163,124,>,39
0,1,29,27,>,2,44,57,<,-13,286,369,<,-83,213,285,<,-72,124,207,<,-83
83,1,27,29,<,-2,57,44,>,13,369,286,>,83,285,213,>,72,207,124,>,83
0,5,0,0,=,0,59,54,>,5,59,54,>,5,0,0,=,0,0,0,=,0
9,5,0,0,=,0,54,59,<,-5,54,59,<,-5,0,0,=,0,0,0,=,0
0,5,0,0,=,0,32,42,<,-10,32,42,<,-10,0,0,=,0,0,0,=,0
29,5,0,0,=,0,42,32,>,10,42,32,>,10,0,0,=,0,0,0,=,0
0,5,0,0,=,0,35,37,<,-2,35,37,<,-2,0,0,=,0,0,0,=,0
48,5,0,0,=,0,37,35,>,2,37,35,>,2,0,0,=,0,0,0,=,0
0,5,0,0,=,0,36,40,<,-4,36,40,<,-4,0,0,=,0,0,0,=,0
68,5,0,0,=,0,40,36,>,4,40,36,>,4,0,0,=,0,0,0,=,0
0,5,0,0,=,0,43,48,<,-5,43,48,<,-5,0,0,=,0,0,0,=,0
24,5,0,0,=,0,48,43,>,5,48,43,>,5,0,0,=,0,0,0,=,0
0,4,0,66,<,-66,36,40,<,-4,36,138,<,-102,0,32,<,-32,0,80,<,-80
112,4,66,0,>,66,40,36,>,4,138,36,>,102,32,0,>,32,80,0,>,80
0,4,28,0,>,28,59,54,>,5,119,54,>,65,32,0,>,32,20,0,>,20
38,4,0,28,<,-28,54,59,<,-5,54,119,<,-65,0,32,<,-32,0,20,<,-20
0,4,0,78,<,-78,37,35,>,2,37,145,<,-108,0,32,<,-32,0,41,<,-41
7,4,78,0,>,78,35,37,<,-2,145,37,>,108,32,0,>,32,41,0,>,41
0,4,15,0,>,15,48,43,>,5,95,43,>,52,32,0,>,32,0,0,=,0
44,4,0,15,<,-15,43,48,<,-5,43,95,<,-52,0,32,<,-32,0,0,=,0
0,3,28,75,<,-47,59,54,>,5,119,165,<,-46,32,36,<,-4,20,66,<,-46
93,3,75,28,>,47,54,59,<,-5,165,119,>,46,36,32,>,4,66,20,>,46
0,3,23,15,>,8,43,48,<,-5,102,95,>,7,36,32,>,4,1,0,>,1
24,3,15,23,<,-8,48,43,>,5,95,102,<,-7,32,36,<,-4,0,1,<,-1
0,3,13,78,<,-65,37,35,>,2,86,145,<,-59,36,32,>,4,0,41,<,-41
71,3,78,13,>,65,35,37,<,-2,145,86,>,59,32,36,<,-4,41,0,>,41
0,2,23,15,>,8,43,48,<,-5,102,182,<,-80,36,119,<,-83,1,81,<,-80
31,2,15,23,<,-8,48,43,>,5,182,102,>,80,119,36,>,83,81,1,>,80
0,2,13,65,<,-52,37,35,>,2,86,219,<,-133,36,119,<,-83,0,115,<,-115
35,2,65,13,>,52,35,37,<,-2,219,86,>,133,119,36,>,83,115,0,>,115
0,1,14,65,<,-51,37,35,>,2,153,219,<,-66,102,119,<,-17,49,115,<,-66
66,1,65,14,>,51,35,37,<,-2,219,153,>,66,119,102,>,17,115,49,>,66
0,10,0,0,=,0,34,58,<,-24,34,58,<,-24,0,0,=,0,0,0,=,0
19,10,0,0,=,0,58,34,>,24,58,34,>,24,0,0,=,0,0,0,=,0
0,10,0,0,=,0,45,58,<,-13,45,58,<,-13,0,0,=,0,0,0,=,0
22,10,0,0,=,0,58,45,>,13,58,45,>,13,0,0,=,0,0,0,=,0
0,10,0,0,=,0,34,56,<,-22,34,56,<,-22,0,0,=,0,0,0,=,0
22,10,0,0,=,0,56,34,>,22,56,34,>,22,0,0,=,0,0,0,=,0
0,10,0,0,=,0,37,57,<,-20,37,57,<,-20,0,0,=,0,0,0,=,0
36,10,0,0,=,0,57,37,>,20,57,37,>,20,0,0,=,0,0,0,=,0
0,10,0,0,=,0,45,50,<,-5,45,50,<,-5,0,0,=,0,0,0,=,0
94,10,0,0,=,0,50,45,>,5,50,45,>,5,0,0,=,0,0,0,=,0
0,10,0,0,=,0,31,58,<,-27,31,58,<,-27,0,0,=,0,0,0,=,0
56,10,0,0,=,0,58,31,>,27,58,31,>,27,0,0,=,0,0,0,=,0
0,10,0,0,=,0,43,32,>,11,43,32,>,11,0,0,=,0,0,0,=,0
29,10,0,0,=,0,32,43,<,-11,32,43,<,-11,0,0,=,0,0,0,=,0
0,10,0,0,=,0,49,60,<,-11,49,60,<,-11,0,0,=,0,0,0,=,0
136,10,0,0,=,0,60,49,>,11,60,49,>,11,0,0,=,0,0,0,=,0
0,10,0,0,=,0,38,45,<,-7,38,45,<,-7,0,0,=,0,0,0,=,0
40,10,0,0,=,0,45,38,>,7,45,38,>,7,0,0,=,0,0,0,=,0
0,10,0,0,=,0,30,55,<,-25,30,55,<,-25,0,0,=,0,0,0,=,0
53,10,0,0,=,0,55,30,>,25,55,30,>,25,0,0,=,0,0,0,=,0
0,9,0,25,<,-25,30,55,<,-25,30,123,<,-93,0,43,<,-43,0,0,=,0
122,9,25,0,>,25,55,30,>,25,123,30,>,93,43,0,>,43,0,0,=,0
0,9,32,0,>,32,45,50,<,-5,120,50,>,70,43,0,>,43,34,0,>,34
40,9,0,32,<,-32,50,45,>,5,50,120,<,-70,0,43,<,-43,0,34,<,-34
0,9,75,0,>,75,34,56,<,-22,152,56,>,96,43,0,>,43,0,0,=,0
9,9,0,75,<,-75,56,34,>,22,56,152,<,-96,0,43,<,-43,0,0,=,0
0,9,0,65,<,-65,45,38,>,7,45,146,<,-101,0,43,<,-43,0,0,=,0
112,9,65,0,>,65,38,45,<,-7,146,45,>,101,43,0,>,43,0,0,=,0
0,9,34,0,>,34,45,58,<,-13,122,58,>,64,43,0,>,43,3,0,>,3
137,9,0,34,<,-34,58,45,>,13,58,122,<,-64,0,43,<,-43,0,3,<,-3
0,9,0,87,<,-87,34,58,<,-24,34,188,<,-154,0,43,<,-43,0,23,<,-23
160,9,87,0,>,87,58,34,>,24,188,34,>,154,43,0,>,43,23,0,>,23
0,9,13,0,>,13,31,58,<,-27,87,58,>,29,43,0,>,43,0,0,=,0
142,9,0,13,<,-13,58,31,>,27,58,87,<,-29,0,43,<,-43,0,0,=,0
0,9,0,89,<,-89,37,57,<,-20,37,189,<,-152,0,43,<,-43,0,0,=,0
118,9,89,0,>,89,57,37,>,20,189,37,>,152,43,0,>,43,0,0,=,0
0,9,0,21,<,-21,49,60,<,-11,49,124,<,-75,0,43,<,-43,0,0,=,0
26,9,21,0,>,21,60,49,>,11,124,49,>,75,43,0,>,43,0,0,=,0
0,8,34,54,<,-20,45,58,<,-13,122,142,<,-20,43,30,>,13,3,23,<,-20
100,8,54,34,>,20,58,45,>,13,142,122,>,20,30,43,<,-13,23,3,>,20
0,8,13,31,<,-18,31,58,<,-27,87,119,<,-32,43,30,>,13,0,0,=,0
49,8,31,13,>,18,58,31,>,27,119,87,>,32,30,43,<,-13,0,0,=,0
0,8,12,32,<,-20,50,45,>,5,92,120,<,-28,30,43,<,-13,6,34,<,-28
82,8,32,12,>,20,45,50,<,-5,120,92,>,28,43,30,>,13,34,6,>,28
0,8,69,87,<,-18,34,58,<,-24,133,188,<,-55,30,43,<,-13,0,23,<,-23
107,8,87,69,>,18,58,34,>,24,188,133,>,55,43,30,>,13,23,0,>,23
0,8,43,65,<,-22,45,38,>,7,118,146,<,-28,30,43,<,-13,0,0,=,0
126,8,65,43,>,22,38,45,<,-7,146,118,>,28,43,30,>,13,0,0,=,0
0,8,75,74,>,1,34,56,<,-22,152,160,<,-8,43,30,>,13,0,0,=,0
77,8,74,75,<,-1,56,34,>,22,160,152,>,8,30,43,<,-13,0,0,=,0
0,8,21,72,<,-51,60,49,>,11,124,151,<,-27,43,30,>,13,0,0,=,0
40,8,72,21,>,51,49,60,<,-11,151,124,>,27,30,43,<,-13,0,0,=,0
0,8,48,89,<,-41,37,57,<,-20,115,189,<,-74,30,43,<,-13,0,0,=,0
144,8,89,48,>,41,57,37,>,20,189,115,>,74,43,30,>,13,0,0,=,0
0,7,12,27,<,-15,50,45,>,5,92,194,<,-102,30,122,<,-92,6,108,<,-102
80,7,27,12,>,15,45,50,<,-5,194,92,>,102,122,30,>,92,108,6,>,102
0,7,17,31,<,-14,31,58,<,-27,170,119,>,51,122,30,>,92,38,0,>,38
80,7,31,17,>,14,58,31,>,27,119,170,<,-51,30,122,<,-92,0,38,<,-38
0,7,43,85,<,-42,45,38,>,7,118,245,<,-127,30,122,<,-92,0,21,<,-21
123,7,85,43,>,42,38,45,<,-7,245,118,>,127,122,30,>,92,21,0,>,21
0,7,53,48,>,5,57,37,>,20,232,115,>,117,122,30,>,92,10,0,>,10
13,7,48,53,<,-5,37,57,<,-20,115,232,<,-117,30,122,<,-92,0,10,<,-10
0,7,38,74,<,-36,34,56,<,-22,194,160,>,34,122,30,>,92,0,0,=,0
223,7,74,38,>,36,56,34,>,22,160,194,<,-34,30,122,<,-92,0,0,=,0
0,7,69,63,>,6,34,58,<,-24,133,243,<,-110,30,122,<,-92,0,78,<,-78
24,7,63,69,<,-6,58,34,>,24,243,133,>,110,122,30,>,92,78,0,>,78
0,7,42,72,<,-30,60,49,>,11,224,151,>,73,122,30,>,92,0,0,=,0
61,7,72,42,>,30,49,60,<,-11,151,224,<,-73,30,122,<,-92,0,0,=,0
0,6,17,67,<,-50,31,58,<,-27,170,217,<,-47,122,92,>,30,38,85,<,-47
131,6,67,17,>,50,58,31,>,27,217,170,>,47,92,122,<,-30,85,38,>,47
0,6,20,38,<,-18,56,34,>,22,168,194,<,-26,92,122,<,-30,0,0,=,0
42,6,38,20,>,18,34,56,<,-22,194,168,>,26,122,92,>,30,0,0,=,0
0,6,40,85,<,-45,45,38,>,7,177,245,<,-68,92,122,<,-30,0,21,<,-21
200,6,85,40,>,45,38,45,<,-7,245,177,>,68,122,92,>,30,21,0,>,21
0,6,68,53,>,15,37,57,<,-20,197,232,<,-35,92,122,<,-30,0,10,<,-10
84,6,53,68,<,-15,57,37,>,20,232,197,>,35,122,92,>,30,10,0,>,10
0,6,43,42,>,1,49,60,<,-11,184,224,<,-40,92,122,<,-30,0,0,=,0
90,6,42,43,<,-1,60,49,>,11,224,184,>,40,122,92,>,30,0,0,=,0
0,6,78,63,>,15,34,58,<,-24,204,243,<,-39,92,122,<,-30,39,78,<,-39
87,6,63,78,<,-15,58,34,>,24,243,204,>,39,122,92,>,30,78,39,>,39
0,5,20,61,<,-41,56,34,>,22,168,265,<,-97,92,170,<,-78,0,48,<,-48
86,5,61,20,>,41,34,56,<,-22,265,168,>,97,170,92,>,78,48,0,>,48
0,5,28,40,<,-12,38,45,<,-7,236,177,>,59,170,92,>,78,12,0,>,12
35,5,40,28,>,12,45,38,>,7,177,236,<,-59,92,170,<,-78,0,12,<,-12
0,5,68,49,>,19,37,57,<,-20,197,276,<,-79,92,170,<,-78,0,54,<,-54
16,5,49,68,<,-19,57,37,>,20,276,197,>,79,170,92,>,78,54,0,>,54
0,5,26,43,<,-17,60,49,>,11,256,184,>,72,170,92,>,78,18,0,>,18
52,5,43,26,>,17,49,60,<,-11,184,256,<,-72,92,170,<,-78,0,18,<,-18
0,5,50,78,<,-28,58,34,>,24,278,204,>,74,170,92,>,78,113,39,>,74
35,5,78,50,>,28,34,58,<,-24,204,278,<,-74,92,170,<,-78,39,113,<,-74
0,4,28,53,<,-25,38,45,<,-7,236,266,<,-30,170,168,>,2,12,42,<,-30
45,4,53,28,>,25,45,38,>,7,266,236,>,30,168,170,<,-2,42,12,>,30
0,4,26,86,<,-60,60,49,>,11,256,303,<,-47,170,168,>,2,18,65,<,-47
82,4,86,26,>,60,49,60,<,-11,303,256,>,47,168,170,<,-2,65,18,>,47
0,4,52,49,>,3,37,57,<,-20,257,276,<,-19,168,170,<,-2,35,54,<,-19
84,4,49,52,<,-3,57,37,>,20,276,257,>,19,170,168,>,2,54,35,>,19
0,4,50,82,<,-32,58,34,>,24,278,284,<,-6,170,168,>,2,113,119,<,-6
43,4,82,50,>,32,34,58,<,-24,284,278,>,6,168,170,<,-2,119,113,>,6
0,3,52,69,<,-17,37,57,<,-20,257,362,<,-105,168,236,<,-68,35,140,<,-105
154,3,69,52,>,17,57,37,>,20,362,257,>,105,236,168,>,68,140,35,>,105
0,3,50,86,<,-36,60,49,>,11,346,303,>,43,236,168,>,68,108,65,>,43
58,3,86,50,>,36,49,60,<,-11,303,346,<,-43,168,236,<,-68,65,108,<,-43
0,3,16,82,<,-66,58,34,>,24,310,284,>,26,236,168,>,68,145,119,>,26
118,3,82,16,>,66,34,58,<,-24,284,310,<,-26,168,236,<,-68,119,145,<,-26
0,2,16,72,<,-56,58,34,>,24,310,363,<,-53,236,257,<,-21,145,198,<,-53
69,2,72,16,>,56,34,58,<,-24,363,310,>,53,257,236,>,21,198,145,>,53
0,2,24,50,<,-26,49,60,<,-11,330,346,<,-16,257,236,>,21,92,108,<,-16
69,2,50,24,>,26,60,49,>,11,346,330,>,16,236,257,<,-21,108,92,>,16
0,1,24,69,<,-45,49,60,<,-11,330,439,<,-109,257,310,<,-53,92,201,<,-109
109,1,69,24,>,45,60,49,>,11,439,330,>,109,310,257,>,53,201,92,>,109
0,6,0,0,=,0,42,32,>,10,42,32,>,10,0,0,=,0,0,0,=,0
19,6,0,0,=,0,32,42,<,-10,32,42,<,-10,0,0,=,0,0,0,=,0
0,6,0,0,=,0,30,39,<,-9,30,39,<,-9,0,0,=,0,0,0,=,0
47,6,0,0,=,0,39,30,>,9,39,30,>,9,0,0,=,0,0,0,=,0
0,6,0,0,=,0,57,58,<,-1,57,58,<,-1,0,0,=,0,0,0,=,0
13,6,0,0,=,0,58,57,>,1,58,57,>,1,0,0,=,0,0,0,=,0
0,6,0,0,=,0,36,48,<,-12,36,48,<,-12,0,0,=,0,0,0,=,0
80,6,0,0,=,0,48,36,>,12,48,36,>,12,0,0,=,0,0,0,=,0
0,6,0,0,=,0,52,44,>,8,52,44,>,8,0,0,=,0,0,0,=,0
33,6,0,0,=,0,44,52,<,-8,44,52,<,-8,0,0,=,0,0,0,=,0
0,6,0,0,=,0,34,51,<,-17,34,51,<,-17,0,0,=,0,0,0,=,0
80,6,0,0,=,0,51,34,>,17,51,34,>,17,0,0,=,0,0,0,=,0
0,5,0,21,<,-21,34,51,<,-17,34,108,<,-74,0,36,<,-36,0,45,<,-45
97,5,21,0,>,21,51,34,>,17,108,34,>,74,36,0,>,36,45,0,>,45
0,5,62,0,>,62,30,39,<,-9,128,39,>,89,36,0,>,36,0,0,=,0
33,5,0,62,<,-62,39,30,>,9,39,128,<,-89,0,36,<,-36,0,0,=,0
0,5,29,0,>,29,52,44,>,8,117,44,>,73,36,0,>,36,17,0,>,17
75,5,0,29,<,-29,44,52,<,-8,44,117,<,-73,0,36,<,-36,0,17,<,-17
0,5,0,76,<,-76,32,42,<,-10,32,154,<,-122,0,36,<,-36,0,57,<,-57
27,5,76,0,>,76,42,32,>,10,154,32,>,122,36,0,>,36,57,0,>,57
0,5,0,77,<,-77,58,57,>,1,58,170,<,-112,0,36,<,-36,0,57,<,-57
28,5,77,0,>,77,57,58,<,-1,170,58,>,112,36,0,>,36,57,0,>,57
0,4,29,26,>,3,52,44,>,8,117,104,>,13,36,34,>,2,17,4,>,13
47,4,26,29,<,-3,44,52,<,-8,104,117,<,-13,34,36,<,-2,4,17,<,-13
0,4,62,44,>,18,30,39,<,-9,128,117,>,11,36,34,>,2,0,0,=,0
21,4,44,62,<,-18,39,30,>,9,117,128,<,-11,34,36,<,-2,0,0,=,0
0,4,29,76,<,-47,32,42,<,-10,95,154,<,-59,34,36,<,-2,0,57,<,-57
99,4,76,29,>,47,42,32,>,10,154,95,>,59,36,34,>,2,57,0,>,57
0,4,32,77,<,-45,58,57,>,1,124,170,<,-46,34,36,<,-2,11,57,<,-46
90,4,77,32,>,45,57,58,<,-1,170,124,>,46,36,34,>,2,57,11,>,46
0,3,29,81,<,-52,32,42,<,-10,95,240,<,-145,34,117,<,-83,0,143,<,-143
147,3,81,29,>,52,42,32,>,10,240,95,>,145,117,34,>,83,143,0,>,143
0,3,32,17,>,15,58,57,>,1,124,191,<,-67,34,117,<,-83,11,78,<,-67
39,3,17,32,<,-15,57,58,<,-1,191,124,>,67,117,34,>,83,78,11,>,67
0,3,13,44,<,-31,30,39,<,-9,160,117,>,43,117,34,>,83,29,0,>,29
68,3,44,13,>,31,39,30,>,9,117,160,<,-43,34,117,<,-83,0,29,<,-29
0,2,13,86,<,-73,30,39,<,-9,160,220,<,-60,117,95,>,22,29,89,<,-60
62,2,86,13,>,73,39,30,>,9,220,160,>,60,95,117,<,-22,89,29,>,60
0,2,36,17,>,19,58,57,>,1,189,191,<,-2,95,117,<,-22,76,78,<,-2
62,2,17,36,<,-19,57,58,<,-1,191,189,>,2,117,95,>,22,78,76,>,2
0,1,36,22,>,14,58,57,>,1,189,239,<,-50,95,160,<,-65,76,126,<,-50
50,1,22,36,<,-14,57,58,<,-1,239,189,>,50,160,95,>,65,126,76,>,50
0,9,0,0,=,0,35,34,>,1,35,34,>,1,0,0,=,0,0,0,=,0
53,9,0,0,=,0,34,35,<,-1,34,35,<,-1,0,0,=,0,0,0,=,0
0,9,0,0,=,0,32,42,<,-10,32,42,<,-10,0,0,=,0,0,0,=,0
25,9,0,0,=,0,42,32,>,10,42,32,>,10,0,0,=,0,0,0,=,0
0,9,0,0,=,0,35,43,<,-8,35,43,<,-8,0,0,=,0,0,0,=,0
50,9,0,0,=,0,43,35,>,8,43,35,>,8,0,0,=,0,0,0,=,0
0,9,0,0,=,0,32,57,<,-25,32,57,<,-25,0,0,=,0,0,0,=,0
58,9,0,0,=,0,57,32,>,25,57,32,>,25,0,0,=,0,0,0,=,0
0,9,0,0,=,0,43,37,>,6,43,37,>,6,0,0,=,0,0,0,=,0
35,9,0,0,=,0,37,43,<,-6,37,43,<,-6,0,0,=,0,0,0,=,0
0,9,0,0,=,0,35,45,<,-10,35,45,<,-10,0,0,=,0,0,0,=,0
17,9,0,0,=,0,45,35,>,10,45,35,>,10,0,0,=,0,0,0,=,0
0,9,0,0,=,0,39,51,<,-12,39,51,<,-12,0,0,=,0,0,0,=,0
42,9,0,0,=,0,51,39,>,12,51,39,>,12,0,0,=,0,0,0,=,0
0,9,0,0,=,0,56,41,>,15,56,41,>,15,0,0,=,0,0,0,=,0
2,9,0,0,=,0,41,56,<,-15,41,56,<,-15,0,0,=,0,0,0,=,0
0,9,0,0,=,0,39,46,<,-7,39,46,<,-7,0,0,=,0,0,0,=,0
37,9,0,0,=,0,46,39,>,7,46,39,>,7,0,0,=,0,0,0,=,0
0,8,0,24,<,-24,39,46,<,-7,39,102,<,-63,0,32,<,-32,0,0,=,0
43,8,24,0,>,24,46,39,>,7,102,39,>,63,32,0,>,32,0,0,=,0
0,8,0,30,<,-30,43,37,>,6,43,99,<,-56,0,32,<,-32,0,6,<,-6
46,8,30,0,>,30,37,43,<,-6,99,43,>,56,32,0,>,32,6,0,>,6
0,8,10,0,>,10,39,51,<,-12,81,51,>,30,32,0,>,32,0,0,=,0
68,8,0,10,<,-10,51,39,>,12,51,81,<,-30,0,32,<,-32,0,0,=,0
0,8,0,32,<,-32,35,43,<,-8,35,107,<,-72,0,32,<,-32,0,0,=,0
76,8,32,0,>,32,43,35,>,8,107,35,>,72,32,0,>,32,0,0,=,0
0,8,0,30,<,-30,35,34,>,1,35,96,<,-61,0,32,<,-32,0,0,=,0
64,8,30,0,>,30,34,35,<,-1,96,35,>,61,32,0,>,32,0,0,=,0
0,8,33,0,>,33,35,45,<,-10,100,45,>,55,32,0,>,32,0,0,=,0
18,8,0,33,<,-33,45,35,>,10,45,100,<,-55,0,32,<,-32,0,0,=,0
0,8,13,0,>,13,56,41,>,15,101,41,>,60,32,0,>,32,0,0,=,0
22,8,0,13,<,-13,41,56,<,-15,41,101,<,-60,0,32,<,-32,0,0,=,0
0,8,16,0,>,16,42,32,>,10,90,32,>,58,32,0,>,32,0,0,=,0
15,8,0,16,<,-16,32,42,<,-10,32,90,<,-58,0,32,<,-32,0,0,=,0
0,7,10,57,<,-47,39,51,<,-12,81,147,<,-66,32,39,<,-7,0,0,=,0
123,7,57,10,>,47,51,39,>,12,147,81,>,66,39,32,>,7,0,0,=,0
0,7,30,74,<,-44,37,43,<,-6,99,156,<,-57,32,39,<,-7,6,63,<,-57
70,7,74,30,>,44,43,37,>,6,156,99,>,57,39,32,>,7,63,6,>,57
0,7,62,32,>,30,35,43,<,-8,136,107,>,29,39,32,>,7,0,0,=,0
6,7,32,62,<,-30,43,35,>,8,107,136,<,-29,32,39,<,-7,0,0,=,0
0,7,63,16,>,47,32,42,<,-10,134,90,>,44,39,32,>,7,0,0,=,0
4,7,16,63,<,-47,42,32,>,10,90,134,<,-44,32,39,<,-7,0,0,=,0
0,7,19,30,<,-11,35,34,>,1,93,96,<,-3,39,32,>,7,0,0,=,0
163,7,30,19,>,11,34,35,<,-1,96,93,>,3,32,39,<,-7,0,0,=,0
0,7,65,33,>,32,45,35,>,10,149,100,>,49,39,32,>,7,0,0,=,0
23,7,33,65,<,-32,35,45,<,-10,100,149,<,-49,32,39,<,-7,0,0,=,0
0,7,78,13,>,65,41,56,<,-15,158,101,>,57,39,32,>,7,0,0,=,0
63,7,13,78,<,-65,56,41,>,15,101,158,<,-57,32,39,<,-7,0,0,=,0
0,6,19,12,>,7,35,34,>,1,93,127,<,-34,39,81,<,-42,0,0,=,0
131,6,12,19,<,-7,34,35,<,-1,127,93,>,34,81,39,>,42,0,0,=,0
0,6,15,74,<,-59,37,43,<,-6,133,156,<,-23,81,39,>,42,40,63,<,-23
131,6,74,15,>,59,43,37,>,6,156,133,>,23,39,81,<,-42,63,40,>,23
0,6,20,62,<,-42,43,35,>,8,144,136,>,8,81,39,>,42,0,0,=,0
49,6,62,20,>,42,35,43,<,-8,136,144,<,-8,39,81,<,-42,0,0,=,0
0,6,63,35,>,28,32,42,<,-10,134,158,<,-24,39,81,<,-42,0,0,=,0
15,6,35,63,<,-28,42,32,>,10,158,134,>,24,81,39,>,42,0,0,=,0
0,6,65,76,<,-11,45,35,>,10,149,192,<,-43,39,81,<,-42,0,0,=,0
33,6,76,65,>,11,35,45,<,-10,192,149,>,43,81,39,>,42,0,0,=,0
0,6,78,39,>,39,41,56,<,-15,158,176,<,-18,39,81,<,-42,0,0,=,0
36,6,39,78,<,-39,56,41,>,15,176,158,>,18,81,39,>,42,0,0,=,0
0,5,15,47,<,-32,37,43,<,-6,133,183,<,-50,81,93,<,-12,40,90,<,-50
130,5,47,15,>,32,43,37,>,6,183,133,>,50,93,81,>,12,90,40,>,50
0,5,20,63,<,-43,43,35,>,8,144,191,<,-47,81,93,<,-12,0,0,=,0
49,5,63,20,>,43,35,43,<,-8,191,144,>,47,93,81,>,12,0,0,=,0
0,5,35,81,<,-46,42,32,>,10,158,206,<,-48,81,93,<,-12,0,0,=,0
45,5,81,35,>,46,32,42,<,-10,206,158,>,48,93,81,>,12,0,0,=,0
0,5,50,76,<,-26,45,35,>,10,188,192,<,-4,93,81,>,12,0,0,=,0
23,5,76,50,>,26,35,45,<,-10,192,188,>,4,81,93,<,-12,0,0,=,0
0,5,11,39,<,-28,41,56,<,-15,145,176,<,-31,93,81,>,12,0,0,=,0
144,5,39,11,>,28,56,41,>,15,176,145,>,31,81,93,<,-12,0,0,=,0
0,4,11,63,<,-52,41,56,<,-15,145,252,<,-107,93,133,<,-40,0,76,<,-76
118,4,63,11,>,52,56,41,>,15,252,145,>,107,133,93,>,40,76,0,>,76
0,4,64,63,>,1,43,35,>,8,240,191,>,49,133,93,>,40,29,0,>,29
79,4,63,64,<,-1,35,43,<,-8,191,240,<,-49,93,133,<,-40,0,29,<,-29
0,4,62,50,>,12,35,45,<,-10,230,188,>,42,133,93,>,40,32,0,>,32
118,4,50,62,<,-12,45,35,>,10,188,230,<,-42,93,133,<,-40,0,32,<,-32
0,4,75,81,<,-6,42,32,>,10,250,206,>,44,133,93,>,40,41,0,>,41
83,4,81,75,>,6,32,42,<,-10,206,250,<,-44,93,133,<,-40,0,41,<,-41
0,3,62,60,>,2,35,45,<,-10,230,250,<,-20,133,145,<,-12,32,52,<,-20
101,3,60,62,<,-2,45,35,>,10,250,230,>,20,145,133,>,12,52,32,>,20
0,3,32,64,<,-32,35,43,<,-8,212,240,<,-28,145,133,>,12,1,29,<,-28
25,3,64,32,>,32,43,35,>,8,240,212,>,28,133,145,<,-12,29,1,>,28
0,3,35,75,<,-40,32,42,<,-10,212,250,<,-38,145,133,>,12,3,41,<,-38
58,3,75,35,>,40,42,32,>,10,250,212,>,38,133,145,<,-12,41,3,>,38
0,2,32,39,<,-7,35,43,<,-8,212,312,<,-100,145,230,<,-85,1,101,<,-100
56,2,39,32,>,7,43,35,>,8,312,212,>,100,230,145,>,85,101,1,>,100
0,2,20,35,<,-15,42,32,>,10,292,212,>,80,230,145,>,85,83,3,>,80
20,2,35,20,>,15,32,42,<,-10,212,292,<,-80,145,230,<,-85,3,83,<,-80
0,1,12,20,<,-8,32,42,<,-10,256,292,<,-36,212,230,<,-18,47,83,<,-36
36,1,20,12,>,8,42,32,>,10,292,256,>,36,230,212,>,18,83,47,>,36
0,8,0,0,=,0,33,60,<,-27,33,60,<,-27,0,0,=,0,0,0,=,0
120,8,0,0,=,0,60,33,>,27,60,33,>,27,0,0,=,0,0,0,=,0
0,8,0,0,=,0,44,43,>,1,44,43,>,1,0,0,=,0,0,0,=,0
64,8,0,0,=,0,43,44,<,-1,43,44,<,-1,0,0,=,0,0,0,=,0
0,8,0,0,=,0,34,54,<,-20,34,54,<,-20,0,0,=,0,0,0,=,0
57,8,0,0,=,0,54,34,>,20,54,34,>,20,0,0,=,0,0,0,=,0
0,8,0,0,=,0,40,55,<,-15,40,55,<,-15,0,0,=,0,0,0,=,0
58,8,0,0,=,0,55,40,>,15,55,40,>,15,0,0,=,0,0,0,=,0
0,8,0,0,=,0,32,50,<,-18,32,50,<,-18,0,0,=,0,0,0,=,0
33,8,0,0,=,0,50,32,>,18,50,32,>,18,0,0,=,0,0,0,=,0
0,8,0,0,=,0,43,53,<,-10,43,53,<,-10,0,0,=,0,0,0,=,0
73,8,0,0,=,0,53,43,>,10,53,43,>,10,0,0,=,0,0,0,=,0
0,8,0,0,=,0,37,50,<,-13,37,50,<,-13,0,0,=,0,0,0,=,0
69,8,0,0,=,0,50,37,>,13,50,37,>,13,0,0,=,0,0,0,=,0
0,8,0,0,=,0,47,54,<,-7,47,54,<,-7,0,0,=,0,0,0,=,0
108,8,0,0,=,0,54,47,>,7,54,47,>,7,0,0,=,0,0,0,=,0
0,7,0,86,<,-86,43,53,<,-10,43,172,<,-129,0,33,<,-33,0,103,<,-103
280,7,86,0,>,86,53,43,>,10,172,43,>,129,33,0,>,33,103,0,>,103
0,7,18,0,>,18,40,55,<,-15,91,55,>,36,33,0,>,33,0,0,=,0
64,7,0,18,<,-18,55,40,>,15,55,91,<,-36,0,33,<,-33,0,0,=,0
0,7,0,51,<,-51,44,43,>,1,44,127,<,-83,0,33,<,-33,0,0,=,0
146,7,51,0,>,51,43,44,<,-1,127,44,>,83,33,0,>,33,0,0,=,0
0,7,0,83,<,-83,34,54,<,-20,34,170,<,-136,0,33,<,-33,0,39,<,-39
177,7,83,0,>,83,54,34,>,20,170,34,>,136,33,0,>,33,39,0,>,39
0,7,0,85,<,-85,32,50,<,-18,32,168,<,-136,0,33,<,-33,0,35,<,-35
183,7,85,0,>,85,50,32,>,18,168,32,>,136,33,0,>,33,35,0,>,35
0,7,0,25,<,-25,47,54,<,-7,47,112,<,-65,0,33,<,-33,0,0,=,0
60,7,25,0,>,25,54,47,>,7,112,47,>,65,33,0,>,33,0,0,=,0
0,7,15,0,>,15,37,50,<,-13,85,50,>,35,33,0,>,33,0,0,=,0
164,7,0,15,<,-15,50,37,>,13,50,85,<,-35,0,33,<,-33,0,0,=,0
0,6,15,15,=,0,37,50,<,-13,85,108,<,-23,33,43,<,-10,0,1,<,-1
62,6,15,15,=,0,50,37,>,13,108,85,>,23,43,33,>,10,1,0,>,1
0,6,22,18,>,4,55,40,>,15,120,91,>,29,43,33,>,10,0,0,=,0
18,6,18,22,<,-4,40,55,<,-15,91,120,<,-29,33,43,<,-10,0,0,=,0
0,6,44,51,<,-7,44,43,>,1,131,127,>,4,43,33,>,10,0,0,=,0
66,6,51,44,>,7,43,44,<,-1,127,131,<,-4,33,43,<,-10,0,0,=,0
0,6,86,83,>,3,34,54,<,-20,163,170,<,-7,43,33,>,10,32,39,<,-7
106,6,83,86,<,-3,54,34,>,20,170,163,>,7,33,43,<,-10,39,32,>,7
0,6,33,85,<,-52,32,50,<,-18,108,168,<,-60,43,33,>,10,0,35,<,-35
217,6,85,33,>,52,50,32,>,18,168,108,>,60,33,43,<,-10,35,0,>,35
0,6,11,25,<,-14,47,54,<,-7,101,112,<,-11,43,33,>,10,0,0,=,0
134,6,25,11,>,14,54,47,>,7,112,101,>,11,33,43,<,-10,0,0,=,0
0,5,22,76,<,-54,55,40,>,15,120,201,<,-81,43,85,<,-42,0,54,<,-54
107,5,76,22,>,54,40,55,<,-15,201,120,>,81,85,43,>,42,54,0,>,54
0,5,11,21,<,-10,47,54,<,-7,101,160,<,-59,43,85,<,-42,0,0,=,0
42,5,21,11,>,10,54,47,>,7,160,101,>,59,85,43,>,42,0,0,=,0
0,5,23,33,<,-10,50,32,>,18,158,108,>,50,85,43,>,42,25,0,>,25
0,5,33,23,>,10,32,50,<,-18,108,158,<,-50,43,85,<,-42,0,25,<,-25
0,5,11,86,<,-75,54,34,>,20,150,163,<,-13,85,43,>,42,19,32,<,-13
195,5,86,11,>,75,34,54,<,-20,163,150,>,13,43,85,<,-42,32,19,>,13
0,5,34,44,<,-10,43,44,<,-1,162,131,>,31,85,43,>,42,0,0,=,0
67,5,44,34,>,10,44,43,>,1,131,162,<,-31,43,85,<,-42,0,0,=,0
0,4,11,27,<,-16,54,34,>,20,150,181,<,-31,85,120,<,-35,19,50,<,-31
54,4,27,11,>,16,34,54,<,-20,181,150,>,31,120,85,>,35,50,19,>,31
0,4,21,81,<,-60,54,47,>,7,160,248,<,-88,85,120,<,-35,0,86,<,-86
68,4,81,21,>,60,47,54,<,-7,248,160,>,88,120,85,>,35,86,0,>,86
0,4,17,23,<,-6,32,50,<,-18,169,158,>,11,120,85,>,35,36,25,>,11
54,4,23,17,>,6,50,32,>,18,158,169,<,-11,85,120,<,-35,25,36,<,-11
0,4,34,69,<,-35,43,44,<,-1,162,233,<,-71,85,120,<,-35,0,45,<,-45
75,4,69,34,>,35,44,43,>,1,233,162,>,71,120,85,>,35,45,0,>,45
0,3,17,44,<,-27,32,50,<,-18,169,244,<,-75,120,150,<,-30,36,111,<,-75
192,3,44,17,>,27,50,32,>,18,244,169,>,75,150,120,>,30,111,36,>,75
0,3,33,81,<,-48,54,47,>,7,237,248,<,-11,150,120,>,30,75,86,<,-11
42,3,81,33,>,48,47,54,<,-7,248,237,>,11,120,150,<,-30,86,75,>,11
0,3,18,69,<,-51,43,44,<,-1,211,233,<,-22,150,120,>,30,23,45,<,-22
157,3,69,18,>,51,44,43,>,1,233,211,>,22,120,150,<,-30,45,23,>,22
0,2,18,88,<,-70,43,44,<,-1,211,301,<,-90,150,169,<,-19,23,113,<,-90
83,2,88,18,>,70,44,43,>,1,301,211,>,90,169,150,>,19,113,23,>,90
0,2,28,33,<,-5,47,54,<,-7,244,237,>,7,169,150,>,19,82,75,>,7
83,2,33,28,>,5,54,47,>,7,237,244,<,-7,150,169,<,-19,75,82,<,-7
0,1,28,39,<,-11,47,54,<,-7,244,304,<,-60,169,211,<,-42,82,142,<,-60
60,1,39,28,>,11,54,47,>,7,304,244,>,60,211,169,>,42,142,82,>,60
0,8,0,0,=,0,39,47,<,-8,39,47,<,-8,0,0,=,0,0,0,=,0
29,8,0,0,=,0,47,39,>,8,47,39,>,8,0,0,=,0,0,0,=,0
0,8,0,0,=,0,32,39,<,-7,32,39,<,-7,0,0,=,0,0,0,=,0
66,8,0,0,=,0,39,32,>,7,39,32,>,7,0,0,=,0,0,0,=,0
0,8,0,0,=,0,31,57,<,-26,31,57,<,-26,0,0,=,0,0,0,=,0
74,8,0,0,=,0,57,31,>,26,57,31,>,26,0,0,=,0,0,0,=,0
0,8,0,0,=,0,36,44,<,-8,36,44,<,-8,0,0,=,0,0,0,=,0
11,8,0,0,=,0,44,36,>,8,44,36,>,8,0,0,=,0,0,0,=,0
0,8,0,0,=,0,33,49,<,-16,33,49,<,-16,0,0,=,0,0,0,=,0
60,8,0,0,=,0,49,33,>,16,49,33,>,16,0,0,=,0,0,0,=,0
0,8,0,0,=,0,35,34,>,1,35,34,>,1,0,0,=,0,0,0,=,0
1,8,0,0,=,0,34,35,<,-1,34,35,<,-1,0,0,=,0,0,0,=,0
0,8,0,0,=,0,54,37,>,17,54,37,>,17,0,0,=,0,0,0,=,0
85,8,0,0,=,0,37,54,<,-17,37,54,<,-17,0,0,=,0,0,0,=,0
0,8,0,0,=,0,36,52,<,-16,36,52,<,-16,0,0,=,0,0,0,=,0
63,8,0,0,=,0,52,36,>,16,52,36,>,16,0,0,=,0,0,0,=,0
0,7,0,32,<,-32,33,49,<,-16,33,112,<,-79,0,31,<,-31,0,0,=,0
0,7,32,0,>,32,49,33,>,16,112,33,>,79,31,0,>,31,0,0,=,0
0,7,0,31,<,-31,36,52,<,-16,36,114,<,-78,0,31,<,-31,0,1,<,-1
54,7,31,0,>,31,52,36,>,16,114,36,>,78,31,0,>,31,1,0,>,1
0,7,48,0,>,48,39,47,<,-8,118,47,>,71,31,0,>,31,1,0,>,1
54,7,0,48,<,-48,47,39,>,8,47,118,<,-71,0,31,<,-31,0,1,<,-1
0,7,81,0,>,81,54,37,>,17,166,37,>,129,31,0,>,31,0,0,=,0
26,7,0,81,<,-81,37,54,<,-17,37,166,<,-129,0,31,<,-31,0,0,=,0
0,7,31,0,>,31,34,35,<,-1,96,35,>,61,31,0,>,31,0,0,=,0
2,7,0,31,<,-31,35,34,>,1,35,96,<,-61,0,31,<,-31,0,0,=,0
0,7,37,0,>,37,44,36,>,8,112,36,>,76,31,0,>,31,0,0,=,0
18,7,0,37,<,-37,36,44,<,-8,36,112,<,-76,0,31,<,-31,0,0,=,0
0,7,26,0,>,26,32,39,<,-7,89,39,>,50,31,0,>,31,0,0,=,0
111,7,0,26,<,-26,39,32,>,7,39,89,<,-50,0,31,<,-31,0,0,=,0
0,6,48,74,<,-26,39,47,<,-8,118,154,<,-36,31,33,<,-2,1,37,<,-36
200,6,74,48,>,26,47,39,>,8,154,118,>,36,33,31,>,2,37,1,>,36
0,6,10,31,<,-21,36,52,<,-16,79,114,<,-35,33,31,>,2,0,1,<,-1
103,6,31,10,>,21,52,36,>,16,114,79,>,35,31,33,<,-2,1,0,>,1
0,6,26,86,<,-60,32,39,<,-7,89,158,<,-69,31,33,<,-2,0,0,=,0
166,6,86,26,>,60,39,32,>,7,158,89,>,69,33,31,>,2,0,0,=,0
0,6,37,87,<,-50,44,36,>,8,112,156,<,-44,31,33,<,-2,0,0,=,0
143,6,87,37,>,50,36,44,<,-8,156,112,>,44,33,31,>,2,0,0,=,0
0,6,31,62,<,-31,34,35,<,-1,96,130,<,-34,31,33,<,-2,0,0,=,0
37,6,62,31,>,31,35,34,>,1,130,96,>,34,33,31,>,2,0,0,=,0
0,6,81,24,>,57,54,37,>,17,166,94,>,72,31,33,<,-2,0,0,=,0
37,6,24,81,<,-57,37,54,<,-17,94,166,<,-72,33,31,>,2,0,0,=,0
0,5,10,42,<,-32,36,52,<,-16,79,212,<,-133,33,118,<,-85,0,99,<,-99
217,5,42,10,>,32,52,36,>,16,212,79,>,133,118,33,>,85,99,0,>,99
0,5,21,86,<,-65,32,39,<,-7,171,158,>,13,118,33,>,85,0,0,=,0
239,5,86,21,>,65,39,32,>,7,158,171,<,-13,33,118,<,-85,0,0,=,0
0,5,82,62,>,20,34,35,<,-1,234,130,>,104,118,33,>,85,94,0,>,94
3,5,62,82,<,-20,35,34,>,1,130,234,<,-104,33,118,<,-85,0,94,<,-94
0,5,28,87,<,-59,44,36,>,8,190,156,>,34,118,33,>,85,6,0,>,6
228,5,87,28,>,59,36,44,<,-8,156,190,<,-34,33,118,<,-85,0,6,<,-6
0,5,23,24,<,-1,54,37,>,17,195,94,>,101,118,33,>,85,7,0,>,7
152,5,24,23,>,1,37,54,<,-17,94,195,<,-101,33,118,<,-85,0,7,<,-7
0,4,28,87,<,-59,44,36,>,8,190,202,<,-12,118,79,>,39,6,18,<,-12
166,4,87,28,>,59,36,44,<,-8,202,190,>,12,79,118,<,-39,18,6,>,12
0,4,23,42,<,-19,54,37,>,17,195,158,>,37,118,79,>,39,7,0,>,7
75,4,42,23,>,19,37,54,<,-17,158,195,<,-37,79,118,<,-39,0,7,<,-7
0,4,21,35,<,-14,32,39,<,-7,171,153,>,18,118,79,>,39,0,0,=,0
61,4,35,21,>,14,39,32,>,7,153,171,<,-18,79,118,<,-39,0,0,=,0
0,4,10,82,<,-72,35,34,>,1,124,234,<,-110,79,118,<,-39,0,94,<,-94
167,4,82,10,>,72,34,35,<,-1,234,124,>,110,118,79,>,39,94,0,>,94
0,3,10,86,<,-76,35,34,>,1,124,310,<,-186,79,190,<,-111,0,170,<,-170
136,3,86,10,>,76,34,35,<,-1,310,124,>,186,190,79,>,111,170,0,>,170
0,3,50,42,>,8,54,37,>,17,294,158,>,136,190,79,>,111,106,0,>,106
97,3,42,50,<,-8,37,54,<,-17,158,294,<,-136,79,190,<,-111,0,106,<,-106
0,3,68,35,>,33,32,39,<,-7,290,153,>,137,190,79,>,111,96,0,>,96
20,3,35,68,<,-33,39,32,>,7,153,290,<,-137,79,190,<,-111,0,96,<,-96
0,2,50,74,<,-24,54,37,>,17,294,235,>,59,190,124,>,66,106,47,>,59
37,2,74,50,>,24,37,54,<,-17,235,294,<,-59,124,190,<,-66,47,106,<,-59
0,2,24,68,<,-44,39,32,>,7,187,290,<,-103,124,190,<,-66,0,96,<,-96
96,2,68,24,>,44,32,39,<,-7,290,187,>,103,190,124,>,66,96,0,>,96
0,1,11,50,<,-39,37,54,<,-17,235,294,<,-59,187,190,<,-3,47,106,<,-59
59,1,50,11,>,39,54,37,>,17,294,235,>,59,190,187,>,3,106,47,>,59
0,7,0,0,=,0,45,53,<,-8,45,53,<,-8,0,0,=,0,0,0,=,0
22,7,0,0,=,0,53,45,>,8,53,45,>,8,0,0,=,0,0,0,=,0
0,7,0,0,=,0,46,58,<,-12,46,58,<,-12,0,0,=,0,0,0,=,0
33,7,0,0,=,0,58,46,>,12,58,46,>,12,0,0,=,0,0,0,=,0
0,7,0,0,=,0,49,59,<,-10,49,59,<,-10,0,0,=,0,0,0,=,0
43,7,0,0,=,0,59,49,>,10,59,49,>,10,0,0,=,0,0,0,=,0
0,7,0,0,=,0,30,55,<,-25,30,55,<,-25,0,0,=,0,0,0,=,0
20,7,0,0,=,0,55,30,>,25,55,30,>,25,0,0,=,0,0,0,=,0
0,7,0,0,=,0,30,54,<,-24,30,54,<,-24,0,0,=,0,0,0,=,0
53,7,0,0,=,0,54,30,>,24,54,30,>,24,0,0,=,0,0,0,=,0
0,7,0,0,=,0,33,55,<,-22,33,55,<,-22,0,0,=,0,0,0,=,0
99,7,0,0,=,0,55,33,>,22,55,33,>,22,0,0,=,0,0,0,=,0
0,7,0,0,=,0,37,42,<,-5,37,42,<,-5,0,0,=,0,0,0,=,0
128,7,0,0,=,0,42,37,>,5,42,37,>,5,0,0,=,0,0,0,=,0
0,6,0,66,<,-66,33,55,<,-22,33,151,<,-118,0,30,<,-30,0,51,<,-51
125,6,66,0,>,66,55,33,>,22,151,33,>,118,30,0,>,30,51,0,>,51
0,6,0,77,<,-77,37,42,<,-5,37,149,<,-112,0,30,<,-30,0,0,=,0
86,6,77,0,>,77,42,37,>,5,149,37,>,112,30,0,>,30,0,0,=,0
0,6,44,0,>,44,53,45,>,8,127,45,>,82,30,0,>,30,37,0,>,37
31,6,0,44,<,-44,45,53,<,-8,45,127,<,-82,0,30,<,-30,0,37,<,-37
0,6,46,0,>,46,30,55,<,-25,106,55,>,51,30,0,>,30,15,0,>,15
21,6,0,46,<,-46,55,30,>,25,55,106,<,-51,0,30,<,-30,0,15,<,-15
0,6,0,69,<,-69,46,58,<,-12,46,157,<,-111,0,30,<,-30,0,20,<,-20
35,6,69,0,>,69,58,46,>,12,157,46,>,111,30,0,>,30,20,0,>,20
0,6,58,0,>,58,59,49,>,10,147,49,>,98,30,0,>,30,0,0,=,0
33,6,0,58,<,-58,49,59,<,-10,49,147,<,-98,0,30,<,-30,0,0,=,0
0,5,44,31,>,13,53,45,>,8,127,109,>,18,30,33,<,-3,37,19,>,18
33,5,31,44,<,-13,45,53,<,-8,109,127,<,-18,33,30,>,3,19,37,<,-18
0,5,16,77,<,-61,37,42,<,-5,86,149,<,-63,33,30,>,3,0,0,=,0
65,5,77,16,>,61,42,37,>,5,149,86,>,63,30,33,<,-3,0,0,=,0
0,5,46,52,<,-6,30,55,<,-25,106,140,<,-34,30,33,<,-3,15,49,<,-34
84,5,52,46,>,6,55,30,>,25,140,106,>,34,33,30,>,3,49,15,>,34
0,5,10,69,<,-59,46,58,<,-12,89,157,<,-68,33,30,>,3,0,20,<,-20
80,5,69,10,>,59,58,46,>,12,157,89,>,68,30,33,<,-3,20,0,>,20
0,5,58,49,>,9,59,49,>,10,147,131,>,16,30,33,<,-3,0,0,=,0
61,5,49,58,<,-9,49,59,<,-10,131,147,<,-16,33,30,>,3,0,0,=,0
0,4,10,77,<,-67,46,58,<,-12,89,262,<,-173,33,127,<,-94,0,125,<,-125
102,4,77,10,>,67,58,46,>,12,262,89,>,173,127,33,>,94,125,0,>,125
0,4,52,82,<,-30,55,30,>,25,140,239,<,-99,33,127,<,-94,49,148,<,-99
16,4,82,52,>,30,30,55,<,-25,239,140,>,99,127,33,>,94,148,49,>,99
0,4,12,16,<,-4,42,37,>,5,181,86,>,95,127,33,>,94,15,0,>,15
47,4,16,12,>,4,37,42,<,-5,86,181,<,-95,33,127,<,-94,0,15,<,-15
0,4,14,49,<,-35,59,49,>,10,200,131,>,69,127,33,>,94,50,0,>,50
69,4,49,14,>,35,49,59,<,-10,131,200,<,-69,33,127,<,-94,0,50,<,-50
0,3,12,58,<,-46,42,37,>,5,181,184,<,-3,127,89,>,38,15,18,<,-3
74,3,58,12,>,46,37,42,<,-5,184,181,>,3,89,127,<,-38,18,15,>,3
0,3,14,66,<,-52,59,49,>,10,200,204,<,-4,127,89,>,38,50,54,<,-4
53,3,66,14,>,52,49,59,<,-10,204,200,>,4,89,127,<,-38,54,50,>,4
0,3,14,82,<,-68,55,30,>,25,158,239,<,-81,89,127,<,-38,67,148,<,-81
133,3,82,14,>,68,30,55,<,-25,239,158,>,81,127,89,>,38,148,67,>,81
0,2,14,68,<,-54,55,30,>,25,158,279,<,-121,89,181,<,-92,67,188,<,-121
102,2,68,14,>,54,30,55,<,-25,279,158,>,121,181,89,>,92,188,67,>,121
0,2,76,66,>,10,59,49,>,10,316,204,>,112,181,89,>,92,166,54,>,112
9,2,66,76,<,-10,49,59,<,-10,204,316,<,-112,89,181,<,-92,54,166,<,-112
0,1,16,76,<,-60,49,59,<,-10,223,316,<,-93,158,181,<,-23,73,166,<,-93
93,1,76,16,>,60,59,49,>,10,316,223,>,93,181,158,>,23,166,73,>,93
0,7,0,0,=,0,32,48,<,-16,32,48,<,-16,0,0,=,0,0,0,=,0
18,7,0,0,=,0,48,32,>,16,48,32,>,16,0,0,=,0,0,0,=,0
0,7,0,0,=,0,30,56,<,-26,30,56,<,-26,0,0,=,0,0,0,=,0
77,7,0,0,=,0,56,30,>,26,56,30,>,26,0,0,=,0,0,0,=,0
0,7,0,0,=,0,38,41,<,-3,38,41,<,-3,0,0,=,0,0,0,=,0
37,7,0,0,=,0,41,38,>,3,41,38,>,3,0,0,=,0,0,0,=,0
0,7,0,0,=,0,56,55,>,1,56,55,>,1,0,0,=,0,0,0,=,0
5,7,0,0,=,0,55,56,<,-1,55,56,<,-1,0,0,=,0,0,0,=,0
0,7,0,0,=,0,44,53,<,-9,44,53,<,-9,0,0,=,0,0,0,=,0
50,7,0,0,=,0,53,44,>,9,53,44,>,9,0,0,=,0,0,0,=,0
0,7,0,0,=,0,53,41,>,12,53,41,>,12,0,0,=,0,0,0,=,0
18,7,0,0,=,0,41,53,<,-12,41,53,<,-12,0,0,=,0,0,0,=,0
0,7,0,0,=,0,37,48,<,-11,37,48,<,-11,0,0,=,0,0,0,=,0
18,7,0,0,=,0,48,37,>,11,48,37,>,11,0,0,=,0,0,0,=,0
0,6,0,18,<,-18,38,41,<,-3,38,89,<,-51,0,30,<,-30,0,0,=,0
31,6,18,0,>,18,41,38,>,3,89,38,>,51,30,0,>,30,0,0,=,0
0,6,41,0,>,41,32,48,<,-16,103,48,>,55,30,0,>,30,0,0,=,0
48,6,0,41,<,-41,48,32,>,16,48,103,<,-55,0,30,<,-30,0,0,=,0
0,6,0,87,<,-87,56,55,>,1,56,172,<,-116,0,30,<,-30,0,16,<,-16
45,6,87,0,>,87,55,56,<,-1,172,56,>,116,30,0,>,30,16,0,>,16
0,6,48,0,>,48,53,44,>,9,131,44,>,87,30,0,>,30,0,0,=,0
9,6,0,48,<,-48,44,53,<,-9,44,131,<,-87,0,30,<,-30,0,0,=,0
0,6,0,86,<,-86,53,41,>,12,53,157,<,-104,0,30,<,-30,0,25,<,-25
58,6,86,0,>,86,41,53,<,-12,157,53,>,104,30,0,>,30,25,0,>,25
0,6,0,82,<,-82,37,48,<,-11,37,160,<,-123,0,30,<,-30,0,2,<,-2
25,6,82,0,>,82,48,37,>,11,160,37,>,123,30,0,>,30,2,0,>,2
0,5,41,65,<,-24,32,48,<,-16,103,151,<,-48,30,38,<,-8,0,0,=,0
114,5,65,41,>,24,48,32,>,16,151,103,>,48,38,30,>,8,0,0,=,0
0,5,43,87,<,-44,56,55,>,1,137,172,<,-35,38,30,>,8,0,16,<,-16
62,5,87,43,>,44,55,56,<,-1,172,137,>,35,30,38,<,-8,16,0,>,16
0,5,48,77,<,-29,53,44,>,9,131,159,<,-28,30,38,<,-8,0,0,=,0
12,5,77,48,>,29,44,53,<,-9,159,131,>,28,38,30,>,8,0,0,=,0
0,5,10,86,<,-76,53,41,>,12,101,157,<,-56,38,30,>,8,0,25,<,-25
117,5,86,10,>,76,41,53,<,-12,157,101,>,56,30,38,<,-8,25,0,>,25
0,5,78,82,<,-4,37,48,<,-11,153,160,<,-7,38,30,>,8,0,2,<,-2
39,5,82,78,>,4,48,37,>,11,160,153,>,7,30,38,<,-8,2,0,>,2
0,4,10,18,<,-8,53,41,>,12,101,162,<,-61,38,103,<,-65,0,30,<,-30
14,4,18,10,>,8,41,53,<,-12,162,101,>,61,103,38,>,65,30,0,>,30
0,4,56,43,>,13,55,56,<,-1,214,137,>,77,103,38,>,65,58,0,>,58
12,4,43,56,<,-13,56,55,>,1,137,214,<,-77,38,103,<,-65,0,58,<,-58
0,4,59,77,<,-18,53,44,>,9,215,159,>,56,103,38,>,65,50,0,>,50
45,4,77,59,>,18,44,53,<,-9,159,215,<,-56,38,103,<,-65,0,50,<,-50
0,4,19,78,<,-59,48,37,>,11,170,153,>,17,103,38,>,65,12,0,>,12
49,4,78,19,>,59,37,48,<,-11,153,170,<,-17,38,103,<,-65,0,12,<,-12
0,3,19,23,<,-4,48,37,>,11,170,161,>,9,103,101,>,2,12,3,>,9
2,3,23,19,>,4,37,48,<,-11,161,170,<,-9,101,103,<,-2,3,12,<,-9
0,3,56,88,<,-32,55,56,<,-1,214,245,<,-31,103,101,>,2,58,89,<,-31
85,3,88,56,>,32,56,55,>,1,245,214,>,31,101,103,<,-2,89,58,>,31
0,3,48,59,<,-11,44,53,<,-9,193,215,<,-22,101,103,<,-2,28,50,<,-22
6,3,59,48,>,11,53,44,>,9,215,193,>,22,103,101,>,2,50,28,>,22
0,2,48,86,<,-38,44,53,<,-9,193,309,<,-116,101,170,<,-69,28,144,<,-116
87,2,86,48,>,38,53,44,>,9,309,193,>,116,170,101,>,69,144,28,>,116
0,2,49,88,<,-39,55,56,<,-1,274,245,>,29,170,101,>,69,118,89,>,29
87,2,88,49,>,39,56,55,>,1,245,274,<,-29,101,170,<,-69,89,118,<,-29
0,1,49,60,<,-11,55,56,<,-1,274,309,<,-35,170,193,<,-23,118,153,<,-35
35,1,60,49,>,11,56,55,>,1,309,274,>,35,193,170,>,23,153,118,>,35
0,6,0,0,=,0,35,55,<,-20,35,55,<,-20,0,0,=,0,0,0,=,0
26,6,0,0,=,0,55,35,>,20,55,35,>,20,0,0,=,0,0,0,=,0
0,6,0,0,=,0,50,54,<,-4,50,54,<,-4,0,0,=,0,0,0,=,0
53,6,0,0,=,0,54,50,>,4,54,50,>,4,0,0,=,0,0,0,=,0
0,6,0,0,=,0,42,60,<,-18,42,60,<,-18,0,0,=,0,0,0,=,0
4,6,0,0,=,0,60,42,>,18,60,42,>,18,0,0,=,0,0,0,=,0
0,6,0,0,=,0,51,60,<,-9,51,60,<,-9,0,0,=,0,0,0,=,0
62,6,0,0,=,0,60,51,>,9,60,51,>,9,0,0,=,0,0,0,=,0
0,6,0,0,=,0,43,41,>,2,43,41,>,2,0,0,=,0,0,0,=,0
18,6,0,0,=,0,41,43,<,-2,41,43,<,-2,0,0,=,0,0,0,=,0
0,6,0,0,=,0,38,58,<,-20,38,58,<,-20,0,0,=,0,0,0,=,0
19,6,0,0,=,0,58,38,>,20,58,38,>,20,0,0,=,0,0,0,=,0
0,5,0,28,<,-28,38,58,<,-20,38,136,<,-98,0,50,<,-50,0,59,<,-59
56,5,28,0,>,28,58,38,>,20,136,38,>,98,50,0,>,50,59,0,>,59
0,5,0,40,<,-40,43,41,>,2,43,131,<,-88,0,50,<,-50,0,61,<,-61
26,5,40,0,>,40,41,43,<,-2,131,43,>,88,50,0,>,50,61,0,>,61
0,5,29,0,>,29,35,55,<,-20,114,55,>,59,50,0,>,50,10,0,>,10
76,5,0,29,<,-29,55,35,>,20,55,114,<,-59,0,50,<,-50,0,10,<,-10
0,5,71,0,>,71,51,60,<,-9,172,60,>,112,50,0,>,50,13,0,>,13
39,5,0,71,<,-71,60,51,>,9,60,172,<,-112,0,50,<,-50,0,13,<,-13
0,5,0,77,<,-77,42,60,<,-18,42,187,<,-145,0,50,<,-50,0,61,<,-61
61,5,77,0,>,77,60,42,>,18,187,42,>,145,50,0,>,50,61,0,>,61
0,4,29,22,>,7,35,55,<,-20,114,115,<,-1,50,38,>,12,10,11,<,-1
49,4,22,29,<,-7,55,35,>,20,115,114,>,1,38,50,<,-12,11,10,>,1
0,4,27,40,<,-13,43,41,>,2,108,131,<,-23,38,50,<,-12,38,61,<,-23
49,4,40,27,>,13,41,43,<,-2,131,108,>,23,50,38,>,12,61,38,>,23
0,4,53,77,<,-24,42,60,<,-18,133,187,<,-54,38,50,<,-12,7,61,<,-54
66,4,77,53,>,24,60,42,>,18,187,133,>,54,50,38,>,12,61,7,>,54
0,4,19,71,<,-52,60,51,>,9,117,172,<,-55,38,50,<,-12,0,13,<,-13
7,4,71,19,>,52,51,60,<,-9,172,117,>,55,50,38,>,12,13,0,>,13
0,3,27,60,<,-33,43,41,>,2,108,215,<,-107,38,114,<,-76,38,145,<,-107
84,3,60,27,>,33,41,43,<,-2,215,108,>,107,114,38,>,76,145,38,>,107
0,3,12,53,<,-41,60,42,>,18,186,133,>,53,114,38,>,76,60,7,>,53
30,3,53,12,>,41,42,60,<,-18,133,186,<,-53,38,114,<,-76,7,60,<,-53
0,3,22,19,>,3,51,60,<,-9,187,117,>,70,114,38,>,76,28,0,>,28
101,3,19,22,<,-3,60,51,>,9,117,187,<,-70,38,114,<,-76,0,28,<,-28
0,2,22,64,<,-42,51,60,<,-9,187,232,<,-45,114,108,>,6,28,73,<,-45
54,2,64,22,>,42,60,51,>,9,232,187,>,45,108,114,<,-6,73,28,>,45
0,2,27,12,>,15,42,60,<,-18,177,186,<,-9,108,114,<,-6,51,60,<,-9
54,2,12,27,<,-15,60,42,>,18,186,177,>,9,114,108,>,6,60,51,>,9
0,1,27,65,<,-38,42,60,<,-18,177,312,<,-135,108,187,<,-79,51,186,<,-135
135,1,65,27,>,38,60,42,>,18,312,177,>,135,187,108,>,79,186,51,>,135
